"First Name","Last Name","Email","Salary","password"
"Miley","Gibson","m.gibson@randatmail.com","157024","0aj71h2"
"Arnold","Watson","a.watson@randatmail.com","122281","ln8kv88"
"Robert","Moore","r.moore@randatmail.com","83842","v6it2bu"
"Miller","Foster","m.foster@randatmail.com","83166","dpapb8a"
"Kevin","Murphy","k.murphy@randatmail.com","177955","lq6527d"
"Samantha","Evans","s.evans@randatmail.com","45288","b4j4cvv"
"Oliver","Farrell","o.farrell@randatmail.com","156463","8wjfufm"
"Bruce","Kelley","b.kelley@randatmail.com","108011","lvbc770"
"Marcus","Kelly","m.kelly@randatmail.com","177823","trgycwt"
"Madaline","Davis","m.davis@randatmail.com","126463","13ghaeu"
"Roland","Ross","r.ross@randatmail.com","77937","pffrsup"
"Alen","Anderson","a.anderson@randatmail.com","39369","pjujr87"
"Roland","Crawford","r.crawford@randatmail.com","169663","ohs17qn"
"Mary","Warren","m.warren@randatmail.com","135945","2ijrtjx"
"Owen","Payne","o.payne@randatmail.com","112131","gy7yy0p"
"John","Chapman","j.chapman@randatmail.com","97755","h6333qn"
"Eric","Sullivan","e.sullivan@randatmail.com","95675","p7l6xna"
"Rebecca","Perry","r.perry@randatmail.com","93626","q1h0oma"
"Ellia","Foster","e.foster@randatmail.com","161137","ds2yng6"
"Lucia","Fowler","l.fowler@randatmail.com","49661","l527ud2"
"Alissa","Carter","a.carter@randatmail.com","36756","0fmreka"
"Connie","Henderson","c.henderson@randatmail.com","45603","m5tuc6h"
"Catherine","Thomas","c.thomas@randatmail.com","167141","zivkg5c"
"Miley","Perry","m.perry@randatmail.com","60341","k7j5yr3"
"Kate","Davis","k.davis@randatmail.com","123085","x96dyyf"
"Kellan","Wells","k.wells@randatmail.com","187333","ffizmm6"
"Brianna","Hunt","b.hunt@randatmail.com","114913","h9rqvbs"
"Alina","Myers","a.myers@randatmail.com","56856","iovvtlj"
"Dale","Perkins","d.perkins@randatmail.com","32917","2h2t8ek"
"Olivia","Stewart","o.stewart@randatmail.com","186953","zmjd141"
"Sophia","Holmes","s.holmes@randatmail.com","82705","aa2pyja"
"Jasmine","Douglas","j.douglas@randatmail.com","189958","7cg51el"
"Valeria","Hill","v.hill@randatmail.com","80598","bxmpy95"
"Edwin","Carroll","e.carroll@randatmail.com","87990","ly876xa"
"Jenna","Harris","j.harris@randatmail.com","123521","ftykq6v"
"Martin","Nelson","m.nelson@randatmail.com","110006","o6xctrz"
"Miranda","Edwards","m.edwards@randatmail.com","169491","oredhrn"
"Briony","Perkins","b.perkins@randatmail.com","51563","z5ah1jc"
"Owen","Craig","o.craig@randatmail.com","100686","4qhwliz"
"Oliver","Watson","o.watson@randatmail.com","141959","ye5lp9m"
"Sawyer","Murphy","s.murphy@randatmail.com","132815","r9hea51"
"Alisa","Riley","a.riley@randatmail.com","83309","4watovp"
"Nicole","Clark","n.clark@randatmail.com","145768","tvyrqod"
"Cherry","Rogers","c.rogers@randatmail.com","157032","n59dlzo"
"Lilianna","Watson","l.watson@randatmail.com","105449","sv1t889"
"Mike","Miller","m.miller@randatmail.com","161902","3ha8bn1"
"Paige","Owens","p.owens@randatmail.com","58979","ai1gu1q"
"Stella","Harris","s.harris@randatmail.com","75598","5zegksa"
"Abraham","Cunningham","a.cunningham@randatmail.com","192499","e8wsz44"
"Cadie","Hill","c.hill@randatmail.com","127206","ix9shou"
"Sam","Miller","s.miller@randatmail.com","100618","309mdj0"
"Violet","Brooks","v.brooks@randatmail.com","39379","2tpzf2f"
"Eric","Barnes","e.barnes@randatmail.com","152947","9bruzcj"
"Nicholas","Carter","n.carter@randatmail.com","124203","rksjk25"
"Preston","Thomas","p.thomas@randatmail.com","198535","7qrohci"
"Maddie","Barrett","m.barrett@randatmail.com","146579","btcvh50"
"Amelia","Edwards","a.edwards@randatmail.com","100248","mjc1eh8"
"Adele","Brooks","a.brooks@randatmail.com","139801","997uh6r"
"Maddie","Nelson","m.nelson@randatmail.com","138128","wuuxo3l"
"Martin","Brown","m.brown@randatmail.com","52443","7w33683"
"Alexander","Williams","a.williams@randatmail.com","92479","ttfcbp3"
"Preston","Kelly","p.kelly@randatmail.com","145678","f8vi5up"
"Ada","Allen","a.allen@randatmail.com","152680","dso7ejy"
"Kelsey","Holmes","k.holmes@randatmail.com","54620","li9eevu"
"Natalie","Morris","n.morris@randatmail.com","137780","fwtrcjs"
"Heather","Taylor","h.taylor@randatmail.com","88817","mpxow3q"
"Nicholas","Adams","n.adams@randatmail.com","93043","bsll59m"
"Edgar","Armstrong","e.armstrong@randatmail.com","148801","l8om7nr"
"Rosie","Hall","r.hall@randatmail.com","51890","3y7junp"
"Walter","Tucker","w.tucker@randatmail.com","172978","wnv2fft"
"Tyler","Taylor","t.taylor@randatmail.com","128602","gz9xj3l"
"Heather","Campbell","h.campbell@randatmail.com","128757","lcc1g58"
"Carl","Moore","c.moore@randatmail.com","69608","0iuv2u5"
"Sofia","Lloyd","s.lloyd@randatmail.com","184169","witjbte"
"Heather","West","h.west@randatmail.com","183452","8asrbos"
"Maddie","Harrison","m.harrison@randatmail.com","197097","11ndkx1"
"Joyce","Davis","j.davis@randatmail.com","39500","dfy7ohu"
"Daryl","Brooks","d.brooks@randatmail.com","53355","9iwxzkx"
"Vanessa","Baker","v.baker@randatmail.com","123351","otwkqff"
"Olivia","Cooper","o.cooper@randatmail.com","44019","qfoc8v7"
"Natalie","Lloyd","n.lloyd@randatmail.com","109584","8hbiul3"
"Arthur","Dixon","a.dixon@randatmail.com","153375","xml2fwu"
"Adelaide","Kelley","a.kelley@randatmail.com","64014","mowk3dw"
"Joyce","Miller","j.miller@randatmail.com","138164","o3mf2by"
"Joyce","Foster","j.foster@randatmail.com","93758","q268sf5"
"Lucy","Stewart","l.stewart@randatmail.com","197281","34l3j0g"
"Lucas","Martin","l.martin@randatmail.com","187609","eyp8s3k"
"Eleanor","Sullivan","e.sullivan@randatmail.com","84218","mjcct4p"
"David","Brown","d.brown@randatmail.com","60259","puf5it9"
"Kellan","Hamilton","k.hamilton@randatmail.com","61573","89xptqm"
"Deanna","Hamilton","d.hamilton@randatmail.com","73813","yu7s3jq"
"Alisa","Wells","a.wells@randatmail.com","75268","3x9a84v"
"Connie","Barrett","c.barrett@randatmail.com","72006","7audo9l"
"Brad","Tucker","b.tucker@randatmail.com","78491","7k7w3mg"
"Valeria","Gray","v.gray@randatmail.com","113229","z5birzy"
"Anna","Clark","a.clark@randatmail.com","169475","6tob8jt"
"Maximilian","Taylor","m.taylor@randatmail.com","49167","9vizpf2"
"Camila","Clark","c.clark@randatmail.com","197314","4dk89ki"
"Sam","Payne","s.payne@randatmail.com","107026","mm6d255"
"Lydia","Hall","l.hall@randatmail.com","138904","i1qjrm9"
"Brad","Craig","b.craig@randatmail.com","94809","xm2htxw"
"Tess","Hamilton","t.hamilton@randatmail.com","70307","fnx10y3"
"Maximilian","Clark","m.clark@randatmail.com","88271","6v978yf"
"Victor","Hall","v.hall@randatmail.com","106771","eh5opl5"
"Alan","Russell","a.russell@randatmail.com","46983","up61s9t"
"Leonardo","Ellis","l.ellis@randatmail.com","137169","t0arsxy"
"Brad","Payne","b.payne@randatmail.com","62887","jq8e6ch"
"Haris","Kelly","h.kelly@randatmail.com","163489","6f72zck"
"Kelvin","Turner","k.turner@randatmail.com","166047","rruuer8"
"Ryan","Wells","r.wells@randatmail.com","164086","gyg58mi"
"Chester","Morgan","c.morgan@randatmail.com","159876","y7drq9e"
"Arnold","Ryan","a.ryan@randatmail.com","164560","78fnr3r"
"Honey","Cameron","h.cameron@randatmail.com","114318","7j3taf1"
"Dominik","Martin","d.martin@randatmail.com","117130","85kehgs"
"Mike","Kelley","m.kelley@randatmail.com","86339","g499mpv"
"Alissa","Clark","a.clark@randatmail.com","187506","bzkok71"
"Abigail","Mason","a.mason@randatmail.com","160826","3px0mhg"
"Isabella","Gibson","i.gibson@randatmail.com","141410","j1we77g"
"Sawyer","Allen","s.allen@randatmail.com","122906","ni9avxj"
"Amber","Jones","a.jones@randatmail.com","50919","0ge910w"
"Caroline","Hall","c.hall@randatmail.com","73969","x9kbdod"
"Honey","Alexander","h.alexander@randatmail.com","48189","jv9ia34"
"Belinda","Stevens","b.stevens@randatmail.com","114903","oizh0m2"
"Fenton","Spencer","f.spencer@randatmail.com","133438","matrdbk"
"Kristian","Stewart","k.stewart@randatmail.com","33078","okqltqx"
"Ted","Mitchell","t.mitchell@randatmail.com","92810","8zr63nm"
"Alberta","Higgins","a.higgins@randatmail.com","183983","bzwu15v"
"Alisa","Bennett","a.bennett@randatmail.com","153330","u92g65g"
"Natalie","Allen","n.allen@randatmail.com","192870","e0kgs5f"
"Freddie","Thompson","f.thompson@randatmail.com","104195","nds7ul5"
"Florrie","Murray","f.murray@randatmail.com","43697","c7yhsyq"
"Marcus","Reed","m.reed@randatmail.com","176033","t7bvuv7"
"Eric","Thomas","e.thomas@randatmail.com","116504","levkj1p"
"Justin","Thompson","j.thompson@randatmail.com","150992","sqs8tff"
"Edith","Andrews","e.andrews@randatmail.com","76766","sx3fn5h"
"April","Higgins","a.higgins@randatmail.com","62277","kgztpi5"
"Eric","Cooper","e.cooper@randatmail.com","182163","hfawqj0"
"Alissa","Tucker","a.tucker@randatmail.com","167857","puqub45"
"Carl","Cameron","c.cameron@randatmail.com","84171","usy2ou7"
"Carl","Hill","c.hill@randatmail.com","34876","j2jsc36"
"Tara","Douglas","t.douglas@randatmail.com","56679","gttxwfq"
"Melanie","Wright","m.wright@randatmail.com","55841","2hc39g9"
"Vivian","Henderson","v.henderson@randatmail.com","151963","jkrdnmi"
"Ellia","Carter","e.carter@randatmail.com","85841","ji49tws"
"Alan","Walker","a.walker@randatmail.com","117342","5q9vth5"
"Dominik","Higgins","d.higgins@randatmail.com","130317","pxa4ebi"
"Dominik","Ellis","d.ellis@randatmail.com","41252","xwlcgw7"
"Dainton","Barnes","d.barnes@randatmail.com","40164","e3k1167"
"Frederick","Gibson","f.gibson@randatmail.com","151365","wzlgjk0"
"Miranda","Ferguson","m.ferguson@randatmail.com","165811","nb7b08y"
"Jack","Harper","j.harper@randatmail.com","94504","n2g8fvk"
"Lilianna","Cunningham","l.cunningham@randatmail.com","160033","5yyfs1i"
"Tyler","Chapman","t.chapman@randatmail.com","51306","4o9ixzj"
"David","Edwards","d.edwards@randatmail.com","191856","2ha03zy"
"Alissa","Mason","a.mason@randatmail.com","63603","dgak8a4"
"Sydney","Douglas","s.douglas@randatmail.com","141842","9yih33j"
"Evelyn","Harris","e.harris@randatmail.com","141047","riswza5"
"Max","Campbell","m.campbell@randatmail.com","131945","p74y7j0"
"Rafael","Wright","r.wright@randatmail.com","184686","dzdqem3"
"Paul","Lloyd","p.lloyd@randatmail.com","193211","26caxrk"
"Kelsey","Walker","k.walker@randatmail.com","126523","a7njwa8"
"Jacob","Cole","j.cole@randatmail.com","65898","tlncgd6"
"Henry","Ryan","h.ryan@randatmail.com","30230","m8ur9id"
"Maximilian","Hall","m.hall@randatmail.com","59437","z7dk4y6"
"Gianna","Barnes","g.barnes@randatmail.com","62055","hl6gyfc"
"Cadie","Craig","c.craig@randatmail.com","107415","f8bdop5"
"Arianna","Riley","a.riley@randatmail.com","183682","v97c41d"
"Amanda","Hall","a.hall@randatmail.com","43394","ejv6v1x"
"Aldus","Stewart","a.stewart@randatmail.com","94455","pq27pwo"
"Fenton","Richards","f.richards@randatmail.com","185652","nif5fie"
"Alexia","Howard","a.howard@randatmail.com","97549","8osp7pp"
"Rebecca","Morris","r.morris@randatmail.com","57122","3drmp5c"
"Haris","Baker","h.baker@randatmail.com","195475","us4izhs"
"Alisa","Holmes","a.holmes@randatmail.com","108472","2pxtgnt"
"Tara","Armstrong","t.armstrong@randatmail.com","74919","a9j2wbc"
"Richard","Riley","r.riley@randatmail.com","82422","5siu77p"
"Derek","Gibson","d.gibson@randatmail.com","145722","09909yk"
"Heather","Riley","h.riley@randatmail.com","72910","72cst87"
"Samantha","Ross","s.ross@randatmail.com","73644","ndweoxt"
"Chelsea","Bennett","c.bennett@randatmail.com","115211","18dw111"
"Naomi","Hill","n.hill@randatmail.com","72549","xlu5fv5"
"Carlos","Moore","c.moore@randatmail.com","157191","kean7ch"
"Miley","Martin","m.martin@randatmail.com","78560","xgxr6gi"
"Aida","Rogers","a.rogers@randatmail.com","123115","04bwvsc"
"Chelsea","Murphy","c.murphy@randatmail.com","156805","m5flzun"
"Alford","Casey","a.casey@randatmail.com","45101","vx09dg2"
"Miranda","Dixon","m.dixon@randatmail.com","84777","vlidfn5"
"Fiona","Cooper","f.cooper@randatmail.com","41911","bepnxzm"
"Nicole","Morris","n.morris@randatmail.com","177935","emvv7q0"
"Aiden","Murphy","a.murphy@randatmail.com","165401","6x06qys"
"Bruce","Henderson","b.henderson@randatmail.com","142105","o3zj4ka"
"Ted","Bennett","t.bennett@randatmail.com","181970","dmss6b5"
"Walter","Holmes","w.holmes@randatmail.com","165506","9ij5g5g"
"Dale","Parker","d.parker@randatmail.com","122331","lmx6qsy"
"Penelope","Robinson","p.robinson@randatmail.com","54811","ucehnw4"
"Alexander","Martin","a.martin@randatmail.com","184214","ifm9o0m"
"Dale","Warren","d.warren@randatmail.com","153014","rtqtdv3"
"Maria","West","m.west@randatmail.com","105401","b8f5fvu"
"Grace","Roberts","g.roberts@randatmail.com","32510","ypi4m8e"
"Cherry","Smith","c.smith@randatmail.com","137434","kdqv07j"
